{"cameraMode":{"drawMode":0,"name":"Shaded","section":"Shading Mode"},"sceneLighting":false,"audioPlay":false,"sceneViewState":{"showFog":true,"showMaterialUpdate":false,"showSkybox":false,"showFlares":true,"showImageEffects":true,"showParticleSystems":true},"in2DMode":false,"pivot":{"x":1254.20166015625,"y":1245.1044921875,"z":988.4658203125},"rotation":{"x":-0.026483867317438127,"y":0.9655202031135559,"z":-0.2350609004497528,"w":-0.10878731310367584},"size":319.4943542480469,"orthographic":false}